57, https://leetcode.cn/problems/insert-interval/, 42.6, MEDIUM, array, 
1431, https://leetcode.cn/problems/kids-with-the-greatest-number-of-candies/, 84.5, EASY, array, 
39, https://leetcode.cn/problems/combination-sum/, 72.3, MEDIUM, array, backtracking, 
228, https://leetcode.cn/problems/summary-ranges/, 54.8, EASY, array, 
46, https://leetcode.cn/problems/permutations/, 78.9, MEDIUM, array, backtracking, 
216, https://leetcode.cn/problems/combination-sum-iii/, 71.1, MEDIUM, array, backtracking, 
1375, https://leetcode.cn/problems/number-of-times-binary-string-is-prefix-aligned/, 68.0, MEDIUM, array, 
51, https://leetcode.cn/problems/n-queens/, 73.9, HARD, array, backtracking, 
47, https://leetcode.cn/problems/permutations-ii/, 65.5, MEDIUM, array, backtracking, 
212, https://leetcode.cn/problems/word-search-ii/, 43.4, HARD, array, backtracking, matrix, string, trie, 
78, https://leetcode.cn/problems/subsets/, 81.1, MEDIUM, array, backtracking, bit-manipulation, 
33, https://leetcode.cn/problems/search-in-rotated-sorted-array/, 44.0, MEDIUM, array, binary-search, 
79, https://leetcode.cn/problems/word-search/, 46.4, MEDIUM, array, backtracking, matrix, 
34, https://leetcode.cn/problems/find-first-and-last-position-of-element-in-sorted-array/, 42.7, MEDIUM, array, binary-search, 
153, https://leetcode.cn/problems/find-minimum-in-rotated-sorted-array/, 57.2, MEDIUM, array, binary-search, 
162, https://leetcode.cn/problems/find-peak-element/, 49.2, MEDIUM, array, binary-search, 
875, https://leetcode.cn/problems/koko-eating-bananas/, 49.4, MEDIUM, array, binary-search, 
268, https://leetcode.cn/problems/missing-number/, 66.6, EASY, array, binary-search, bit-manipulation, hash-table, math, sorting, 
704, https://leetcode.cn/problems/binary-search/, 54.8, EASY, array, binary-search, 
287, https://leetcode.cn/problems/find-the-duplicate-number/, 64.0, MEDIUM, array, binary-search, bit-manipulation, two-pointers, 
240, https://leetcode.cn/problems/search-a-2d-matrix-ii/, 53.2, MEDIUM, array, binary-search, divide-and-conquer, matrix, 
300, https://leetcode.cn/problems/longest-increasing-subsequence/, 55.2, MEDIUM, array, binary-search, dynamic-programming, 
2439, https://leetcode.cn/problems/minimize-maximum-of-array/, 40.3, MEDIUM, array, binary-search, dynamic-programming, greedy, prefix-sum, 
35, https://leetcode.cn/problems/search-insert-position/, 45.4, EASY, array, binary-search, 
349, https://leetcode.cn/problems/intersection-of-two-arrays/, 74.2, EASY, array, binary-search, hash-table, sorting, two-pointers, 
1268, https://leetcode.cn/problems/search-suggestions-system/, 60.1, MEDIUM, array, binary-search, heap-priority-queue, sorting, string, trie, 
74, https://leetcode.cn/problems/search-a-2d-matrix/, 49.1, MEDIUM, array, binary-search, matrix, 
209, https://leetcode.cn/problems/minimum-size-subarray-sum/, 46.4, MEDIUM, array, binary-search, prefix-sum, sliding-window, 
1004, https://leetcode.cn/problems/max-consecutive-ones-iii/, 59.3, MEDIUM, array, binary-search, prefix-sum, sliding-window, 
2300, https://leetcode.cn/problems/successful-pairs-of-spells-and-potions/, 44.5, MEDIUM, array, binary-search, sorting, two-pointers, 
108, https://leetcode.cn/problems/convert-sorted-array-to-binary-search-tree/, 77.8, EASY, array, binary-search-tree, binary-tree, divide-and-conquer, tree, 
1110, https://leetcode.cn/problems/delete-nodes-and-return-forest/, 69.4, MEDIUM, array, binary-tree, depth-first-search, hash-table, tree, 
105, https://leetcode.cn/problems/construct-binary-tree-from-preorder-and-inorder-traversal/, 71.1, MEDIUM, array, binary-tree, divide-and-conquer, hash-table, tree, 
106, https://leetcode.cn/problems/construct-binary-tree-from-inorder-and-postorder-traversal/, 71.7, MEDIUM, array, binary-tree, divide-and-conquer, hash-table, tree, 
136, https://leetcode.cn/problems/single-number/, 72.9, EASY, array, bit-manipulation, 
4, https://leetcode.cn/problems/median-of-two-sorted-arrays/, 41.8, HARD, array, binary-search, divide-and-conquer, 
1177, https://leetcode.cn/problems/can-make-palindrome-from-substring/, 42.2, MEDIUM, array, bit-manipulation, hash-table, prefix-sum, string, 
399, https://leetcode.cn/problems/evaluate-division/, 58.9, MEDIUM, array, breadth-first-search, depth-first-search, graph, shortest-path, union-find, 
137, https://leetcode.cn/problems/single-number-ii/, 72.3, MEDIUM, array, bit-manipulation, 
167, https://leetcode.cn/problems/two-sum-ii-input-array-is-sorted/, 59.9, MEDIUM, array, binary-search, two-pointers, 
130, https://leetcode.cn/problems/surrounded-regions/, 46.3, MEDIUM, array, breadth-first-search, depth-first-search, matrix, union-find, 
322, https://leetcode.cn/problems/coin-change/, 47.0, MEDIUM, array, breadth-first-search, dynamic-programming, 
200, https://leetcode.cn/problems/number-of-islands/, 59.8, MEDIUM, array, breadth-first-search, depth-first-search, matrix, union-find, 
417, https://leetcode.cn/problems/pacific-atlantic-water-flow/, 56.1, MEDIUM, array, breadth-first-search, depth-first-search, matrix, 
994, https://leetcode.cn/problems/rotting-oranges/, 51.2, MEDIUM, array, breadth-first-search, matrix, 
347, https://leetcode.cn/problems/top-k-frequent-elements/, 63.5, MEDIUM, array, bucket-sort, counting, divide-and-conquer, hash-table, heap-priority-queue, quickselect, sorting, 
909, https://leetcode.cn/problems/snakes-and-ladders/, 45.0, MEDIUM, array, breadth-first-search, matrix, 
1926, https://leetcode.cn/problems/nearest-exit-from-entrance-in-maze/, 39.8, MEDIUM, array, breadth-first-search, matrix, 
274, https://leetcode.cn/problems/h-index/, 46.3, MEDIUM, array, counting-sort, sorting, 
169, https://leetcode.cn/problems/majority-element/, 66.4, EASY, array, counting, divide-and-conquer, hash-table, sorting, 
1670, https://leetcode.cn/problems/design-front-middle-back-queue/, 60.7, MEDIUM, array, data-stream, design, linked-list, queue, 
2646, https://leetcode.cn/problems/minimize-the-total-price-of-the-trips/, 70.3, HARD, array, depth-first-search, dynamic-programming, graph, tree, 
2248, https://leetcode.cn/problems/intersection-of-multiple-arrays/, 67.0, EASY, array, counting, hash-table, 
380, https://leetcode.cn/problems/insert-delete-getrandom-o1/, 52.3, MEDIUM, array, design, hash-table, math, randomized, 
641, https://leetcode.cn/problems/design-circular-deque/, 56.8, MEDIUM, array, design, linked-list, queue, 
918, https://leetcode.cn/problems/maximum-sum-circular-subarray/, 40.7, MEDIUM, array, divide-and-conquer, dynamic-programming, monotonic-queue, queue, 
1381, https://leetcode.cn/problems/design-a-stack-with-increment-operation/, 72.2, MEDIUM, array, design, stack, 
53, https://leetcode.cn/problems/maximum-subarray/, 55.0, MEDIUM, array, divide-and-conquer, dynamic-programming, 
427, https://leetcode.cn/problems/construct-quad-tree/, 71.4, MEDIUM, array, divide-and-conquer, matrix, tree, 
118, https://leetcode.cn/problems/pascals-triangle/, 75.5, EASY, array, dynamic-programming, 
119, https://leetcode.cn/problems/pascals-triangle-ii/, 68.9, EASY, array, dynamic-programming, 
215, https://leetcode.cn/problems/kth-largest-element-in-an-array/, 62.3, MEDIUM, array, divide-and-conquer, heap-priority-queue, quickselect, sorting, 
123, https://leetcode.cn/problems/best-time-to-buy-and-sell-stock-iii/, 59.9, HARD, array, dynamic-programming, 
121, https://leetcode.cn/problems/best-time-to-buy-and-sell-stock/, 57.7, EASY, array, dynamic-programming, 
120, https://leetcode.cn/problems/triangle/, 68.6, MEDIUM, array, dynamic-programming, 
152, https://leetcode.cn/problems/maximum-product-subarray/, 43.1, MEDIUM, array, dynamic-programming, 
188, https://leetcode.cn/problems/best-time-to-buy-and-sell-stock-iv/, 48.2, HARD, array, dynamic-programming, 
746, https://leetcode.cn/problems/min-cost-climbing-stairs/, 65.3, EASY, array, dynamic-programming, 
416, https://leetcode.cn/problems/partition-equal-subset-sum/, 52.2, MEDIUM, array, dynamic-programming, 
1911, https://leetcode.cn/problems/maximum-alternating-subsequence-sum/, 67.5, MEDIUM, array, dynamic-programming, 
198, https://leetcode.cn/problems/house-robber/, 54.7, MEDIUM, array, dynamic-programming, 
45, https://leetcode.cn/problems/jump-game-ii/, 44.7, MEDIUM, array, dynamic-programming, greedy, 
122, https://leetcode.cn/problems/best-time-to-buy-and-sell-stock-ii/, 72.8, MEDIUM, array, dynamic-programming, greedy, 
714, https://leetcode.cn/problems/best-time-to-buy-and-sell-stock-with-transaction-fee/, 76.1, MEDIUM, array, dynamic-programming, greedy, 
1130, https://leetcode.cn/problems/minimum-cost-tree-from-leaf-values/, 70.7, MEDIUM, array, dynamic-programming, greedy, monotonic-stack, stack, 
55, https://leetcode.cn/problems/jump-game/, 43.3, MEDIUM, array, dynamic-programming, greedy, 
1218, https://leetcode.cn/problems/longest-arithmetic-subsequence-of-given-difference/, 51.1, MEDIUM, array, dynamic-programming, hash-table, 
139, https://leetcode.cn/problems/word-break/, 54.6, MEDIUM, array, dynamic-programming, hash-table, memoization, string, trie, 
63, https://leetcode.cn/problems/unique-paths-ii/, 41.1, MEDIUM, array, dynamic-programming, matrix, 
64, https://leetcode.cn/problems/minimum-path-sum/, 69.8, MEDIUM, array, dynamic-programming, matrix, 
221, https://leetcode.cn/problems/maximal-square/, 49.9, MEDIUM, array, dynamic-programming, matrix, 
931, https://leetcode.cn/problems/minimum-falling-path-sum/, 67.5, MEDIUM, array, dynamic-programming, matrix, 
85, https://leetcode.cn/problems/maximal-rectangle/, 54.9, HARD, array, dynamic-programming, matrix, monotonic-stack, stack, 
907, https://leetcode.cn/problems/sum-of-subarray-minimums/, 39.4, MEDIUM, array, dynamic-programming, monotonic-stack, stack, 
42, https://leetcode.cn/problems/trapping-rain-water/, 63.1, HARD, array, dynamic-programming, monotonic-stack, stack, two-pointers, 
1493, https://leetcode.cn/problems/longest-subarray-of-1s-after-deleting-one-element/, 61.8, MEDIUM, array, dynamic-programming, sliding-window, 
1547, https://leetcode.cn/problems/minimum-cost-to-cut-a-stick/, 57.1, HARD, array, dynamic-programming, sorting, 
2951, https://leetcode.cn/problems/find-the-peaks/, 78.7, EASY, array, enumeration, 
435, https://leetcode.cn/problems/non-overlapping-intervals/, 51.2, MEDIUM, array, dynamic-programming, greedy, sorting, 
2249, https://leetcode.cn/problems/count-lattice-points-inside-a-circle/, 53.8, MEDIUM, array, enumeration, geometry, hash-table, math, 
2272, https://leetcode.cn/problems/substring-with-largest-variance/, 39.6, HARD, array, dynamic-programming, 
134, https://leetcode.cn/problems/gas-station/, 49.3, MEDIUM, array, greedy, 
135, https://leetcode.cn/problems/candy/, 49.5, HARD, array, greedy, 
334, https://leetcode.cn/problems/increasing-triplet-subsequence/, 42.8, MEDIUM, array, greedy, 
605, https://leetcode.cn/problems/can-place-flowers/, 32.3, EASY, array, greedy, 
149, https://leetcode.cn/problems/max-points-on-a-line/, 39.7, HARD, array, geometry, hash-table, math, 
2542, https://leetcode.cn/problems/maximum-subsequence-score/, 51.5, MEDIUM, array, greedy, heap-priority-queue, sorting, 
2551, https://leetcode.cn/problems/put-marbles-in-bags/, 55.4, HARD, array, greedy, heap-priority-queue, sorting, 
860, https://leetcode.cn/problems/lemonade-change/, 58.9, EASY, array, greedy, 
502, https://leetcode.cn/problems/ipo/, 45.0, HARD, array, greedy, heap-priority-queue, sorting, 
452, https://leetcode.cn/problems/minimum-number-of-arrows-to-burst-balloons/, 50.8, MEDIUM, array, greedy, sorting, 
1958, https://leetcode.cn/problems/check-if-move-is-legal/, 45.2, MEDIUM, array, enumeration, matrix, 
455, https://leetcode.cn/problems/assign-cookies/, 56.1, EASY, array, greedy, sorting, two-pointers, 
2952, https://leetcode.cn/problems/minimum-number-of-coins-to-be-added/, 48.7, MEDIUM, array, greedy, sorting, 
11, https://leetcode.cn/problems/container-with-most-water/, 60.0, MEDIUM, array, greedy, two-pointers, 
1, https://leetcode.cn/problems/two-sum/, 53.0, EASY, array, hash-table, 
41, https://leetcode.cn/problems/first-missing-positive/, 43.6, HARD, array, hash-table, 
454, https://leetcode.cn/problems/4sum-ii/, 64.2, MEDIUM, array, hash-table, 
1207, https://leetcode.cn/problems/unique-number-of-occurrences/, 73.2, EASY, array, hash-table, 
2215, https://leetcode.cn/problems/find-the-difference-of-two-arrays/, 69.8, EASY, array, hash-table, 
2475, https://leetcode.cn/problems/number-of-unequal-triplets-in-array/, 77.7, EASY, array, hash-table, 
73, https://leetcode.cn/problems/set-matrix-zeroes/, 64.6, MEDIUM, array, hash-table, matrix, 
2661, https://leetcode.cn/problems/first-completely-painted-row-or-column/, 60.0, MEDIUM, array, hash-table, matrix, 
2352, https://leetcode.cn/problems/equal-row-and-column-pairs/, 73.3, MEDIUM, array, hash-table, matrix, simulation, 
560, https://leetcode.cn/problems/subarray-sum-equals-k/, 44.4, MEDIUM, array, hash-table, prefix-sum, 
219, https://leetcode.cn/problems/contains-duplicate-ii/, 45.2, EASY, array, hash-table, sliding-window, 
217, https://leetcode.cn/problems/contains-duplicate/, 55.0, EASY, array, hash-table, sorting, 
49, https://leetcode.cn/problems/group-anagrams/, 67.7, MEDIUM, array, hash-table, sorting, string, 
1679, https://leetcode.cn/problems/max-number-of-k-sum-pairs/, 56.2, MEDIUM, array, hash-table, sorting, two-pointers, 
373, https://leetcode.cn/problems/find-k-pairs-with-smallest-sums/, 40.8, MEDIUM, array, heap-priority-queue, 
128, https://leetcode.cn/problems/longest-consecutive-sequence/, 53.0, MEDIUM, array, hash-table, union-find, 
239, https://leetcode.cn/problems/sliding-window-maximum/, 49.1, HARD, array, heap-priority-queue, monotonic-queue, queue, sliding-window, 
1094, https://leetcode.cn/problems/car-pooling/, 53.2, MEDIUM, array, heap-priority-queue, prefix-sum, simulation, sorting, 
2532, https://leetcode.cn/problems/time-to-cross-a-bridge/, 68.5, HARD, array, heap-priority-queue, simulation, 
2462, https://leetcode.cn/problems/total-cost-to-hire-k-workers/, 38.9, MEDIUM, array, heap-priority-queue, simulation, two-pointers, 
66, https://leetcode.cn/problems/plus-one/, 45.3, EASY, array, math, 
2455, https://leetcode.cn/problems/average-value-of-even-numbers-that-are-divisible-by-three/, 63.5, EASY, array, math, 
150, https://leetcode.cn/problems/evaluate-reverse-polish-notation/, 53.4, MEDIUM, array, math, stack, 
36, https://leetcode.cn/problems/valid-sudoku/, 63.1, MEDIUM, array, hash-table, matrix, 
189, https://leetcode.cn/problems/rotate-array/, 44.4, MEDIUM, array, math, two-pointers, 
59, https://leetcode.cn/problems/spiral-matrix-ii/, 71.6, MEDIUM, array, matrix, simulation, 
289, https://leetcode.cn/problems/game-of-life/, 75.9, MEDIUM, array, matrix, simulation, 
54, https://leetcode.cn/problems/spiral-matrix/, 49.9, MEDIUM, array, matrix, simulation, 
84, https://leetcode.cn/problems/largest-rectangle-in-histogram/, 45.3, HARD, array, monotonic-stack, stack, 
238, https://leetcode.cn/problems/product-of-array-except-self/, 74.9, MEDIUM, array, prefix-sum, 
724, https://leetcode.cn/problems/find-pivot-index/, 52.2, EASY, array, prefix-sum, 
1423, https://leetcode.cn/problems/maximum-points-you-can-obtain-from-cards/, 57.1, MEDIUM, array, prefix-sum, sliding-window, 
1732, https://leetcode.cn/problems/find-the-highest-altitude/, 81.4, EASY, array, prefix-sum, 
48, https://leetcode.cn/problems/rotate-image/, 75.2, MEDIUM, array, math, matrix, 
735, https://leetcode.cn/problems/asteroid-collision/, 42.4, MEDIUM, array, simulation, stack, 
68, https://leetcode.cn/problems/text-justification/, 53.0, HARD, array, simulation, string, 
643, https://leetcode.cn/problems/maximum-average-subarray-i/, 43.0, EASY, array, sliding-window, 
874, https://leetcode.cn/problems/walking-robot-simulation/, 47.3, MEDIUM, array, simulation, 
15, https://leetcode.cn/problems/3sum/, 37.5, MEDIUM, array, sorting, two-pointers, 
16, https://leetcode.cn/problems/3sum-closest/, 44.8, MEDIUM, array, sorting, two-pointers, 
739, https://leetcode.cn/problems/daily-temperatures/, 68.7, MEDIUM, array, monotonic-stack, stack, 
18, https://leetcode.cn/problems/4sum/, 36.6, MEDIUM, array, sorting, two-pointers, 
75, https://leetcode.cn/problems/sort-colors/, 60.7, MEDIUM, array, sorting, two-pointers, 
88, https://leetcode.cn/problems/merge-sorted-array/, 52.9, EASY, array, sorting, two-pointers, 
26, https://leetcode.cn/problems/remove-duplicates-from-sorted-array/, 55.4, EASY, array, two-pointers, 
27, https://leetcode.cn/problems/remove-element/, 59.0, EASY, array, two-pointers, 
31, https://leetcode.cn/problems/next-permutation/, 38.7, MEDIUM, array, two-pointers, 
56, https://leetcode.cn/problems/merge-intervals/, 49.6, MEDIUM, array, sorting, 
283, https://leetcode.cn/problems/move-zeroes/, 63.5, EASY, array, two-pointers, 
80, https://leetcode.cn/problems/remove-duplicates-from-sorted-array-ii/, 61.4, MEDIUM, array, two-pointers, 
77, https://leetcode.cn/problems/combinations/, 77.0, MEDIUM, backtracking, 
257, https://leetcode.cn/problems/binary-tree-paths/, 70.6, EASY, backtracking, binary-tree, depth-first-search, string, tree, 
52, https://leetcode.cn/problems/n-queens-ii/, 82.2, HARD, backtracking, 
22, https://leetcode.cn/problems/generate-parentheses/, 77.5, MEDIUM, backtracking, dynamic-programming, string, 
131, https://leetcode.cn/problems/palindrome-partitioning/, 73.4, MEDIUM, backtracking, dynamic-programming, string, 
2178, https://leetcode.cn/problems/maximum-split-of-positive-even-integers/, 64.0, MEDIUM, backtracking, greedy, math, 
17, https://leetcode.cn/problems/letter-combinations-of-a-phone-number/, 58.7, MEDIUM, backtracking, hash-table, string, 
222, https://leetcode.cn/problems/count-complete-tree-nodes/, 81.1, EASY, binary-search, binary-tree, bit-manipulation, tree, 
113, https://leetcode.cn/problems/path-sum-ii/, 63.2, MEDIUM, backtracking, binary-tree, depth-first-search, tree, 
374, https://leetcode.cn/problems/guess-number-higher-or-lower/, 52.2, EASY, binary-search, interactive, 
69, https://leetcode.cn/problems/sqrtx/, 38.4, EASY, binary-search, math, 
441, https://leetcode.cn/problems/arranging-coins/, 45.1, EASY, binary-search, math, 
2024, https://leetcode.cn/problems/maximize-the-confusion-of-an-exam/, 57.4, MEDIUM, binary-search, prefix-sum, sliding-window, string, 
530, https://leetcode.cn/problems/minimum-absolute-difference-in-bst/, 63.1, EASY, binary-search-tree, binary-tree, breadth-first-search, depth-first-search, tree, 
98, https://leetcode.cn/problems/validate-binary-search-tree/, 37.4, MEDIUM, binary-search-tree, binary-tree, depth-first-search, tree, 
230, https://leetcode.cn/problems/kth-smallest-element-in-a-bst/, 76.5, MEDIUM, binary-search-tree, binary-tree, depth-first-search, tree, 
1038, https://leetcode.cn/problems/binary-search-tree-to-greater-sum-tree/, 83.4, MEDIUM, binary-search-tree, binary-tree, depth-first-search, tree, 
173, https://leetcode.cn/problems/binary-search-tree-iterator/, 81.7, MEDIUM, binary-search-tree, binary-tree, design, iterator, stack, tree, 
278, https://leetcode.cn/problems/first-bad-version/, 45.4, EASY, binary-search, interactive, 
700, https://leetcode.cn/problems/search-in-a-binary-search-tree/, 77.8, EASY, binary-search-tree, binary-tree, tree, 
297, https://leetcode.cn/problems/serialize-and-deserialize-binary-tree/, 59.0, HARD, binary-tree, breadth-first-search, depth-first-search, design, string, tree, 
117, https://leetcode.cn/problems/populating-next-right-pointers-in-each-node-ii/, 67.9, MEDIUM, binary-tree, breadth-first-search, depth-first-search, linked-list, tree, 
100, https://leetcode.cn/problems/same-tree/, 60.5, EASY, binary-tree, breadth-first-search, depth-first-search, tree, 
101, https://leetcode.cn/problems/symmetric-tree/, 59.4, EASY, binary-tree, breadth-first-search, depth-first-search, tree, 
104, https://leetcode.cn/problems/maximum-depth-of-binary-tree/, 77.2, EASY, binary-tree, breadth-first-search, depth-first-search, tree, 
450, https://leetcode.cn/problems/delete-node-in-a-bst/, 52.3, MEDIUM, binary-search-tree, binary-tree, tree, 
111, https://leetcode.cn/problems/minimum-depth-of-binary-tree/, 53.1, EASY, binary-tree, breadth-first-search, depth-first-search, tree, 
199, https://leetcode.cn/problems/binary-tree-right-side-view/, 66.3, MEDIUM, binary-tree, breadth-first-search, depth-first-search, tree, 
112, https://leetcode.cn/problems/path-sum/, 53.8, EASY, binary-tree, breadth-first-search, depth-first-search, tree, 
515, https://leetcode.cn/problems/find-largest-value-in-each-tree-row/, 66.3, MEDIUM, binary-tree, breadth-first-search, depth-first-search, tree, 
637, https://leetcode.cn/problems/average-of-levels-in-binary-tree/, 70.0, EASY, binary-tree, breadth-first-search, depth-first-search, tree, 
863, https://leetcode.cn/problems/all-nodes-distance-k-in-binary-tree/, 61.3, MEDIUM, binary-tree, breadth-first-search, depth-first-search, tree, 
1161, https://leetcode.cn/problems/maximum-level-sum-of-a-binary-tree/, 65.6, MEDIUM, binary-tree, breadth-first-search, depth-first-search, tree, 
102, https://leetcode.cn/problems/binary-tree-level-order-traversal/, 66.2, MEDIUM, binary-tree, breadth-first-search, tree, 
103, https://leetcode.cn/problems/binary-tree-zigzag-level-order-traversal/, 57.8, MEDIUM, binary-tree, breadth-first-search, tree, 
124, https://leetcode.cn/problems/binary-tree-maximum-path-sum/, 45.3, HARD, binary-tree, depth-first-search, dynamic-programming, tree, 
1372, https://leetcode.cn/problems/longest-zigzag-path-in-a-binary-tree/, 55.8, MEDIUM, binary-tree, depth-first-search, dynamic-programming, tree, 
226, https://leetcode.cn/problems/invert-binary-tree/, 79.8, EASY, binary-tree, breadth-first-search, depth-first-search, tree, 
617, https://leetcode.cn/problems/merge-two-binary-trees/, 79.3, EASY, binary-tree, breadth-first-search, depth-first-search, tree, 
1448, https://leetcode.cn/problems/count-good-nodes-in-binary-tree/, 73.8, MEDIUM, binary-tree, breadth-first-search, depth-first-search, tree, 
114, https://leetcode.cn/problems/flatten-binary-tree-to-linked-list/, 73.2, MEDIUM, binary-tree, depth-first-search, linked-list, stack, tree, 
110, https://leetcode.cn/problems/balanced-binary-tree/, 57.9, EASY, binary-tree, depth-first-search, tree, 
145, https://leetcode.cn/problems/binary-tree-postorder-traversal/, 76.3, EASY, binary-tree, depth-first-search, stack, tree, 
144, https://leetcode.cn/problems/binary-tree-preorder-traversal/, 71.4, EASY, binary-tree, depth-first-search, stack, tree, 
129, https://leetcode.cn/problems/sum-root-to-leaf-numbers/, 70.1, MEDIUM, binary-tree, depth-first-search, tree, 
236, https://leetcode.cn/problems/lowest-common-ancestor-of-a-binary-tree/, 70.0, MEDIUM, binary-tree, depth-first-search, tree, 
437, https://leetcode.cn/problems/path-sum-iii/, 48.9, MEDIUM, binary-tree, depth-first-search, tree, 
543, https://leetcode.cn/problems/diameter-of-binary-tree/, 59.2, EASY, binary-tree, depth-first-search, tree, 
94, https://leetcode.cn/problems/binary-tree-inorder-traversal/, 76.3, EASY, binary-tree, depth-first-search, stack, tree, 
894, https://leetcode.cn/problems/all-possible-full-binary-trees/, 77.7, MEDIUM, binary-tree, dynamic-programming, memoization, recursion, tree, 
979, https://leetcode.cn/problems/distribute-coins-in-binary-tree/, 76.2, MEDIUM, binary-tree, depth-first-search, tree, 
872, https://leetcode.cn/problems/leaf-similar-trees/, 65.1, EASY, binary-tree, depth-first-search, tree, 
1318, https://leetcode.cn/problems/minimum-flips-to-make-a-or-b-equal-to-c/, 67.6, MEDIUM, bit-manipulation, 
190, https://leetcode.cn/problems/reverse-bits/, 72.1, EASY, bit-manipulation, divide-and-conquer, 
191, https://leetcode.cn/problems/number-of-1-bits/, 76.8, EASY, bit-manipulation, divide-and-conquer, 
201, https://leetcode.cn/problems/bitwise-and-of-numbers-range/, 54.2, MEDIUM, bit-manipulation, 
338, https://leetcode.cn/problems/counting-bits/, 78.6, EASY, bit-manipulation, dynamic-programming, 
67, https://leetcode.cn/problems/add-binary/, 52.9, EASY, bit-manipulation, math, simulation, string, 
841, https://leetcode.cn/problems/keys-and-rooms/, 68.7, MEDIUM, breadth-first-search, depth-first-search, graph, 
1466, https://leetcode.cn/problems/reorder-routes-to-make-all-paths-lead-to-the-city-zero/, 60.4, MEDIUM, breadth-first-search, depth-first-search, graph, 
133, https://leetcode.cn/problems/clone-graph/, 69.6, MEDIUM, breadth-first-search, depth-first-search, graph, hash-table, 
207, https://leetcode.cn/problems/course-schedule/, 53.8, MEDIUM, breadth-first-search, depth-first-search, graph, topological-sort, 
210, https://leetcode.cn/problems/course-schedule-ii/, 57.7, MEDIUM, breadth-first-search, depth-first-search, graph, topological-sort, 
2477, https://leetcode.cn/problems/minimum-fuel-cost-to-report-to-the-capital/, 64.6, MEDIUM, breadth-first-search, depth-first-search, graph, tree, 
802, https://leetcode.cn/problems/find-eventual-safe-states/, 59.1, MEDIUM, breadth-first-search, depth-first-search, graph, topological-sort, 
547, https://leetcode.cn/problems/number-of-provinces/, 62.1, MEDIUM, breadth-first-search, depth-first-search, graph, union-find, 
127, https://leetcode.cn/problems/word-ladder/, 48.3, HARD, breadth-first-search, hash-table, string, 
231, https://leetcode.cn/problems/power-of-two/, 49.8, EASY, bit-manipulation, math, recursion, 
433, https://leetcode.cn/problems/minimum-genetic-mutation/, 54.6, MEDIUM, breadth-first-search, hash-table, string, 
429, https://leetcode.cn/problems/n-ary-tree-level-order-traversal/, 72.9, MEDIUM, breadth-first-search, tree, 
279, https://leetcode.cn/problems/perfect-squares/, 66.3, MEDIUM, breadth-first-search, dynamic-programming, math, 
1603, https://leetcode.cn/problems/design-parking-system/, 83.6, EASY, counting, design, simulation, 
383, https://leetcode.cn/problems/ransom-note/, 61.9, EASY, counting, hash-table, string, 
295, https://leetcode.cn/problems/find-median-from-data-stream/, 53.7, HARD, data-stream, design, heap-priority-queue, sorting, two-pointers, 
933, https://leetcode.cn/problems/number-of-recent-calls/, 76.7, EASY, data-stream, design, queue, 
901, https://leetcode.cn/problems/online-stock-span/, 64.1, MEDIUM, data-stream, design, monotonic-stack, stack, 
211, https://leetcode.cn/problems/design-add-and-search-words-data-structure/, 49.7, MEDIUM, depth-first-search, design, string, trie, 
590, https://leetcode.cn/problems/n-ary-tree-postorder-traversal/, 78.7, EASY, depth-first-search, stack, tree, 
146, https://leetcode.cn/problems/lru-cache/, 53.7, MEDIUM, design, doubly-linked-list, hash-table, linked-list, 
589, https://leetcode.cn/problems/n-ary-tree-preorder-traversal/, 75.1, EASY, depth-first-search, stack, tree, 
62, https://leetcode.cn/problems/unique-paths/, 67.8, MEDIUM, combinatorics, dynamic-programming, math, 
2336, https://leetcode.cn/problems/smallest-number-in-infinite-set/, 72.7, MEDIUM, design, hash-table, heap-priority-queue, 
208, https://leetcode.cn/problems/implement-trie-prefix-tree/, 71.9, MEDIUM, design, hash-table, string, trie, 
707, https://leetcode.cn/problems/design-linked-list/, 34.4, MEDIUM, design, linked-list, 
225, https://leetcode.cn/problems/implement-stack-using-queues/, 65.3, EASY, design, queue, stack, 
23, https://leetcode.cn/problems/merge-k-sorted-lists/, 58.7, HARD, divide-and-conquer, heap-priority-queue, linked-list, merge-sort, 
232, https://leetcode.cn/problems/implement-queue-using-stacks/, 67.8, EASY, design, queue, stack, 
148, https://leetcode.cn/problems/sort-list/, 65.5, MEDIUM, divide-and-conquer, linked-list, merge-sort, sorting, two-pointers, 
790, https://leetcode.cn/problems/domino-and-tromino-tiling/, 53.8, MEDIUM, dynamic-programming, 
155, https://leetcode.cn/problems/min-stack/, 59.2, MEDIUM, design, stack, 
44, https://leetcode.cn/problems/wildcard-matching/, 33.8, HARD, dynamic-programming, greedy, recursion, string, 
828, https://leetcode.cn/problems/count-unique-characters-of-all-substrings-of-a-given-string/, 68.3, HARD, dynamic-programming, hash-table, string, 
1137, https://leetcode.cn/problems/n-th-tribonacci-number/, 60.9, EASY, dynamic-programming, math, memoization, 
70, https://leetcode.cn/problems/climbing-stairs/, 54.1, EASY, dynamic-programming, math, memoization, 
10, https://leetcode.cn/problems/regular-expression-matching/, 30.6, HARD, dynamic-programming, recursion, string, 
32, https://leetcode.cn/problems/longest-valid-parentheses/, 37.5, HARD, dynamic-programming, stack, string, 
5, https://leetcode.cn/problems/longest-palindromic-substring/, 37.9, MEDIUM, dynamic-programming, string, 
97, https://leetcode.cn/problems/interleaving-string/, 44.6, MEDIUM, dynamic-programming, string, 
1143, https://leetcode.cn/problems/longest-common-subsequence/, 64.9, MEDIUM, dynamic-programming, string, 
72, https://leetcode.cn/problems/edit-distance/, 62.7, MEDIUM, dynamic-programming, string, 
392, https://leetcode.cn/problems/is-subsequence/, 52.2, EASY, dynamic-programming, string, two-pointers, 
838, https://leetcode.cn/problems/push-dominoes/, 55.7, MEDIUM, dynamic-programming, string, two-pointers, 
763, https://leetcode.cn/problems/partition-labels/, 76.7, MEDIUM, greedy, hash-table, string, two-pointers, 
688, https://leetcode.cn/problems/knight-probability-in-chessboard/, 58.1, MEDIUM, dynamic-programming, 
2600, https://leetcode.cn/problems/k-items-with-the-maximum-sum/, 67.7, EASY, greedy, math, 
1903, https://leetcode.cn/problems/largest-odd-number-in-string/, 60.7, EASY, greedy, math, string, 
138, https://leetcode.cn/problems/copy-list-with-random-pointer/, 66.0, MEDIUM, hash-table, linked-list, 
649, https://leetcode.cn/problems/dota2-senate/, 48.5, MEDIUM, greedy, queue, string, 
141, https://leetcode.cn/problems/linked-list-cycle/, 51.9, EASY, hash-table, linked-list, two-pointers, 
142, https://leetcode.cn/problems/linked-list-cycle-ii/, 57.9, MEDIUM, hash-table, linked-list, two-pointers, 
13, https://leetcode.cn/problems/roman-to-integer/, 62.2, EASY, hash-table, math, string, 
160, https://leetcode.cn/problems/intersection-of-two-linked-lists/, 64.1, EASY, hash-table, linked-list, two-pointers, 
12, https://leetcode.cn/problems/integer-to-roman/, 66.5, MEDIUM, hash-table, math, string, 
202, https://leetcode.cn/problems/happy-number/, 63.6, EASY, hash-table, math, two-pointers, 
1557, https://leetcode.cn/problems/minimum-number-of-vertices-to-reach-all-nodes/, 81.6, MEDIUM, graph, 
30, https://leetcode.cn/problems/substring-with-concatenation-of-all-words/, 39.2, HARD, hash-table, sliding-window, string, 
3, https://leetcode.cn/problems/longest-substring-without-repeating-characters/, 39.3, MEDIUM, hash-table, sliding-window, string, 
438, https://leetcode.cn/problems/find-all-anagrams-in-a-string/, 54.1, MEDIUM, hash-table, sliding-window, string, 
76, https://leetcode.cn/problems/minimum-window-substring/, 45.4, HARD, hash-table, sliding-window, string, 
242, https://leetcode.cn/problems/valid-anagram/, 66.0, EASY, hash-table, sorting, string, 
1657, https://leetcode.cn/problems/determine-if-two-strings-are-close/, 53.4, MEDIUM, hash-table, sorting, string, 
83, https://leetcode.cn/problems/remove-duplicates-from-sorted-list/, 53.2, EASY, linked-list, 
92, https://leetcode.cn/problems/reverse-linked-list-ii/, 55.8, MEDIUM, linked-list, 
290, https://leetcode.cn/problems/word-pattern/, 44.5, EASY, hash-table, string, 
328, https://leetcode.cn/problems/odd-even-linked-list/, 64.6, MEDIUM, linked-list, 
2, https://leetcode.cn/problems/add-two-numbers/, 42.9, MEDIUM, linked-list, math, recursion, 
21, https://leetcode.cn/problems/merge-two-sorted-lists/, 66.1, EASY, linked-list, recursion, 
24, https://leetcode.cn/problems/swap-nodes-in-pairs/, 71.7, MEDIUM, linked-list, recursion, 
25, https://leetcode.cn/problems/reverse-nodes-in-k-group/, 67.7, HARD, linked-list, recursion, 
203, https://leetcode.cn/problems/remove-linked-list-elements/, 55.6, EASY, linked-list, recursion, 
234, https://leetcode.cn/problems/palindrome-linked-list/, 53.7, EASY, linked-list, recursion, stack, two-pointers, 
2130, https://leetcode.cn/problems/maximum-twin-sum-of-a-linked-list/, 78.5, MEDIUM, linked-list, stack, two-pointers, 
206, https://leetcode.cn/problems/reverse-linked-list/, 73.7, EASY, linked-list, recursion, 
19, https://leetcode.cn/problems/remove-nth-node-from-end-of-list/, 46.6, MEDIUM, linked-list, two-pointers, 
82, https://leetcode.cn/problems/remove-duplicates-from-sorted-list-ii/, 53.5, MEDIUM, linked-list, two-pointers, 
61, https://leetcode.cn/problems/rotate-list/, 41.3, MEDIUM, linked-list, two-pointers, 
86, https://leetcode.cn/problems/partition-list/, 64.4, MEDIUM, linked-list, two-pointers, 
2095, https://leetcode.cn/problems/delete-the-middle-node-of-a-linked-list/, 57.8, MEDIUM, linked-list, two-pointers, 
9, https://leetcode.cn/problems/palindrome-number/, 55.8, EASY, math, 
205, https://leetcode.cn/problems/isomorphic-strings/, 49.0, EASY, hash-table, string, 
2544, https://leetcode.cn/problems/alternating-digit-sum/, 79.4, EASY, math, 
258, https://leetcode.cn/problems/add-digits/, 70.6, EASY, math, number-theory, simulation, 
50, https://leetcode.cn/problems/powx-n/, 38.0, MEDIUM, math, recursion, 
172, https://leetcode.cn/problems/factorial-trailing-zeroes/, 50.1, MEDIUM, math, 
60, https://leetcode.cn/problems/permutation-sequence/, 53.5, HARD, math, recursion, 
224, https://leetcode.cn/problems/basic-calculator/, 42.6, HARD, math, recursion, stack, string, 
7, https://leetcode.cn/problems/reverse-integer/, 35.4, MEDIUM, math, 
171, https://leetcode.cn/problems/excel-sheet-column-number/, 71.3, EASY, math, string, 
1071, https://leetcode.cn/problems/greatest-common-divisor-of-strings/, 57.9, EASY, math, string, 
168, https://leetcode.cn/problems/excel-sheet-column-title/, 44.2, EASY, math, string, 
2390, https://leetcode.cn/problems/removing-stars-from-a-string/, 71.3, MEDIUM, simulation, stack, string, 
1456, https://leetcode.cn/problems/maximum-number-of-vowels-in-a-substring-of-given-length/, 56.2, MEDIUM, sliding-window, string, 
20, https://leetcode.cn/problems/valid-parentheses/, 43.8, EASY, stack, string, 
880, https://leetcode.cn/problems/decoded-string-at-index/, 27.2, MEDIUM, stack, string, 
394, https://leetcode.cn/problems/decode-string/, 57.0, MEDIUM, recursion, stack, string, 
8, https://leetcode.cn/problems/string-to-integer-atoi/, 21.1, MEDIUM, string, 
58, https://leetcode.cn/problems/length-of-last-word/, 44.1, EASY, string, 
459, https://leetcode.cn/problems/repeated-substring-pattern/, 51.4, EASY, string, string-matching, 
28, https://leetcode.cn/problems/find-the-index-of-the-first-occurrence-in-a-string/, 43.0, EASY, string, string-matching, two-pointers, 
14, https://leetcode.cn/problems/longest-common-prefix/, 43.6, EASY, string, trie, 
125, https://leetcode.cn/problems/valid-palindrome/, 46.6, EASY, string, two-pointers, 
151, https://leetcode.cn/problems/reverse-words-in-a-string/, 53.4, MEDIUM, string, two-pointers, 
344, https://leetcode.cn/problems/reverse-string/, 79.9, EASY, string, two-pointers, 
345, https://leetcode.cn/problems/reverse-vowels-of-a-string/, 54.6, EASY, string, two-pointers, 
443, https://leetcode.cn/problems/string-compression/, 48.3, MEDIUM, string, two-pointers, 
541, https://leetcode.cn/problems/reverse-string-ii/, 57.5, EASY, string, two-pointers, 
1768, https://leetcode.cn/problems/merge-strings-alternately/, 74.6, EASY, string, two-pointers, 
71, https://leetcode.cn/problems/simplify-path/, 44.5, MEDIUM, stack, string, 
6, https://leetcode.cn/problems/zigzag-conversion/, 52.3, MEDIUM, string, 
